{"accuracy": 0.9448275862068966, "auc": 0.9473324213406292, "f1": 0.9111111111111112}